n_players,cv_log_mae_mean,cv_log_mae_std
1742,0.1862288262708622,0.016056346241161742
